values_to_predict,predictions
11,12.133333333333333
12,13.13939393939394
13,14.145454545454546
14,15.151515151515152
15,16.157575757575756
